{
    "jw": 4,
    "rr": 0.015,
    "r0": 0.3266,
    "pn": 8562.8266,
    "pnmax": 29969.893,
    "cx": 185004.42,
    "cy": 164448.37,
    "kt": 411121.0,
    "dx": 3700,
    "dy": 3488,
    "rdyncoPn": 0.375,
    "rdyncoP2n": 0.75,
    "fzRdynco": 0,
    "rdyncoCrit": 0,
    "dfx0Pn": 142057.4736,
    "dfx0P2n": 221755.19702,
    "fxmPn": 7575.3614,
    "fxmP2n": 12808.276,
    "fxsPn": 4657.9208,
    "fxsP2n": 8625.3352,
    "sxmPn": 0.12,
    "sxmP2n": 0.15,
    "sxsPn": 0.9,
    "sxsP2n": 0.95,
    "dfy0Pn": 56024.8623,
    "dfy0P2n": 103723.224,
    "fymPn": 6615.0404,
    "fymP2n": 12509.947,
    "fysPn": 6091.5092,
    "fysP2n": 11443.875,
    "symPn": 0.38786,
    "symP2n": 0.38786,
    "sysPn": 0.82534,
    "sysP2n": 0.91309,
    "step": 0.001
}