{
    "a": 1.388,
    "b": 1.388,
    "m": 1671.26,
    "h": 0.87238,
    "jz": 1242.33,
    "jx": 296.868,
    "jxz": 5.37858,
    "cf": 1.5958,
    "cr": 1.5958,
    "muf": 54.543,
    "mur": 54.543,
    "hrcf": 0.41377,
    "hrcr": 0.39577,
    "krof": 10000,
    "kror": 10000,
    "brof": 3000,
    "bror": 3000,
    "nonLinearSteer": false,
    "maxSteer": 0.69,
    "crankInertia": 1.0,
    "gearRatios": [
        0.053,
        0.1058,
        0.1568,
        0.2126,
        0.2552,
        0.2998
    ],
    "shiftMap": [
        [
            1200,
            4500
        ],
        [
            1200,
            4500
        ],
        [
            1400,
            4500
        ],
        [
            1600,
            4500
        ],
        [
            1800,
            4500
        ],
        [
            2000,
            4500
        ]
    ],
    "torqueMap": [
        [
            -10.0,
            125.568
        ],
        [
            1000,
            284.16
        ],
        [
            1200,
            355.2
        ],
        [
            1400,
            405.96
        ],
        [
            1500,
            426.24
        ],
        [
            1600,
            444.0
        ],
        [
            2000,
            444.0
        ],
        [
            2500,
            444.0
        ],
        [
            3000,
            444.0
        ],
        [
            3500,
            444.0
        ],
        [
            4000,
            444.0
        ],
        [
            4500,
            444.0
        ],
        [
            4600,
            443.16
        ],
        [
            4800,
            436.8
        ],
        [
            5000,
            424.0
        ],
        [
            5200,
            407.64
        ],
        [
            5500,
            385.44
        ],
        [
            5700,
            371.88
        ],
        [
            6000,
            353.28
        ],
        [
            6200,
            336.48
        ],
        [
            6500,
            293.52
        ]
    ],
    "lossesMap": [
        [
            -50,
            30
        ],
        [
            0,
            0
        ],
        [
            50,
            -10
        ],
        [
            1000,
            -10
        ],
        [
            2000,
            -15
        ],
        [
            3000,
            -15
        ],
        [
            3500,
            -20.0
        ],
        [
            4000,
            -20.0
        ],
        [
            4500,
            -30.0
        ],
        [
            5000,
            -50.0
        ],
        [
            6000,
            -70.0
        ],
        [
            6500,
            -100.0
        ]
    ],
    "tcBool": false,
    "capacityFactorMap": [
        [
            0.00,
            15.00
        ],
        [
            0.25,
            15.00
        ],
        [
            0.50,
            15.00
        ],
        [
            0.75,
            16.00
        ],
        [
            0.90,
            18.00
        ],
        [
            1.00,
            35.00
        ]
    ],
    "torqueRatioMap": [
        [
            0.00,
            2.00
        ],
        [
            0.25,
            1.80
        ],
        [
            0.50,
            1.50
        ],
        [
            0.75,
            1.15
        ],
        [
            1.00,
            1.00
        ]
    ],
    "maxBrakeTorque": 2000,
    "c1": 0,
    "c0": 0,
    "step": 0.001,
    "throttleMod": false,
    "4wd": true,
    "rearWheels": true
}