{
    "jw": 4,
    "rr": 0.01,
    "r0": 0.336423,
    "pn": 8562.8266,
    "pnmax": 29969.893,
    "cx": 185004.42,
    "cy": 164448.37,
    "kt": 411121.0,
    "dx": 3700,
    "dy": 3488,
    "rdyncoPn": 0.375,
    "rdyncoP2n": 0.75,
    "fzRdynco": 0,
    "rdyncoCrit": 0,
    "dfx0Pn": 151447.29,
    "dfx0P2n": 236412.79,
    "fxmPn": 16362.7806,
    "fxmP2n": 27665.8762,
    "fxsPn": 14487.9968,
    "fxsP2n": 22356.8689,
    "sxmPn": 0.08,
    "sxmP2n":  0.10,
    "sxsPn": 0.9,
    "sxsP2n": 0.95,
    "dfy0Pn": 50931.693,
    "dfy0P2n": 94293.847,
    "fymPn": 12402.5,
    "fymP2n": 20328.6638,
    "fysPn": 11421.5798,
    "fysP2n": 18596.2968,
    "symPn": 0.38786,
    "symP2n": 0.38786,
    "sysPn": 0.82534,
    "sysP2n": 0.91309,
    "step": 0.001
}