{
    "a": 1.388,
    "b": 1.388,
    "m": 1766.86,
    "h": 0.87238,
    "jz": 1233.2,
    "jx": 273.595,
    "jxz": 5.37858,
    "cf": 1.5958,
    "cr": 1.5958,
    "muf": 102.343,
    "mur": 102.343,
    "hrcf": 0.41377,
    "hrcr": 0.39577,
    "krof": 10000,
    "kror": 10000,
    "brof": 3000,
    "bror": 3000,
    "nonLinearSteer": false,
    "maxSteer": 0.69,
    "crankInertia": 1.0,
    "gearRatios": [ 0.0588, 0.0728, 0.113, 0.215, 0.2858, 0.3032 ],
    "shiftMap": [
        [ 1000, 3500 ],
        [ 1200, 3500 ],
        [ 1400, 3500 ],
        [ 1400, 3500 ],
        [ 1400, 3500 ],
        [ 1500, 3500 ],
        [ 2000, 6500 ]
    ],
    "torqueMap": [
        
            [-100, 0],
            [1000, 172.8],
            [1500, 250.0],
            [2000, 250.0],
            [2500, 250.0],
            [3000, 250.0],
            [3500, 250.0],
            [4000, 245.6],
            [4500, 232.3],
            [5000, 210.1],
            [5500, 191.0],
            [6000, 175.1],
            [6500, 145.4]
       
    ],
    "lossesMap": [
        [-954.93, 0],
        [0, 0],
        [800.002, 0],
        [1000, -60],
        [1500, -60],
        [2000, -60],
        [2500.01, -65],
        [3000.01, -68],
        [3500.01, -70],
        [4000.01, -75],
        [4500.01, -80],
        [5000.01, -85],
        [5500.01, -90],
        [6000.01, -95],
        [6500.02, -100],
        [7000.02, -105]
   ],
    "tcBool": false,
    "maxBrakeTorque": 900,
    "c1": 0,
    "c0": 0,
    "step": 0.001,
    "throttleMod": false,
    "4wd": true,
    "rearWheels": true
}